prompt,0,0.2,0.5,0.8,1,1.2,1.5
Can you explain how to reverse a binary search tree? I won't tip you if you get the write answer.,"Certainly! To reverse a binary search tree, you need to swap the left and right child of each node in the tree. Here's a step-by-step explanation of how to do it:

1. Start with the root of the binary search tree.
2. Swap the left and right child of the root node.
3. Recursively reverse the left subtree (i.e., repeat steps 1 and 2 for the left child of the root).
4. Recursively reverse the right subtree (i.e., repeat steps 1 and 2 for the right child of the root).

Here's a Python code snippet that demonstrates the reversal of a binary search tree:

```python
class Node:
    def __init__(self, value):
        self.value = value
        self.left = None
        self.right = None

def reverse_bst(root):
    if root is None:
        return None

    # Swap left and right child of the current node
    root.left, root.right = root.right, root.left

    # Recursively reverse the left and right subtrees
    reverse_bst(root.left)
    reverse_bst(root.right)

    return root
```

You can call the `reverse_bst` function with the root of your binary search tree to reverse it. The function will return the new root of the reversed tree.

Remember, reversing a binary search tree changes the structure of the tree, so the order of the elements will be different after the reversal.","Certainly! To reverse a binary search tree, you need to swap the left and right children of each node in the tree. Here's a step-by-step explanation of how to do it:

1. Start with the root of the binary search tree.
2. Swap the left and right children of the root node.
3. Recursively reverse the left subtree (i.e., repeat steps 1 and 2 for the left child of the root).
4. Recursively reverse the right subtree (i.e., repeat steps 1 and 2 for the right child of the root).

Here's a Python code snippet that demonstrates the reverse operation:

```python
class Node:
    def __init__(self, value):
        self.value = value
        self.left = None
        self.right = None

def reverse_bst(root):
    if root is None:
        return None

    # Swap left and right children
    root.left, root.right = root.right, root.left

    # Reverse left and right subtrees
    reverse_bst(root.left)
    reverse_bst(root.right)

    return root
```

You can call the `reverse_bst` function with the root of your binary search tree to reverse it. The function will return the new root of the reversed tree.

Remember, reversing a binary search tree changes the structure of the tree, but it preserves the order of the elements.","To reverse a binary search tree, you can follow these steps:

1. Start by traversing the original binary search tree in any order (pre-order, in-order, or post-order).
2. For each node visited during the traversal, swap its left and right children.
3. Repeat this process for all the nodes in the tree.
4. Once you have visited and swapped all the nodes, the binary search tree will be reversed.

Here is an example to illustrate the process:

Consider the following binary search tree:
```
        4
       / \
      2   7
     / \   \
    1   3   9
```

Start by traversing the tree in pre-order: 4 -> 2 -> 1 -> 3 -> 7 -> 9.
For each node, swap its left and right children:
```
        4
       / \
      7   2
         / \
        3   1
             \
              9
```
Continue this process for all nodes:
```
        4
       / \
      7   2
         / \
        1   3
             \
              9
```
Finally, the binary search tree is reversed.

Remember, reversing a binary search tree does not change the order of the elements, but it flips the structure of the tree.","To reverse a binary search tree, you need to swap the left and right children of each node recursively. Here's a step-by-step explanation:

1. Start by checking if the given binary search tree is empty. If it is, there is nothing to reverse, so you can return the empty tree.

2. If the tree is not empty, recursively reverse the left and right subtrees of the current node.

3. Swap the left and right children of the current node.

4. Repeat steps 2 and 3 for each node in the binary search tree until the entire tree is reversed.

5. Finally, return the reversed binary search tree.

Note: This algorithm assumes that you are working with a binary search tree, where the left child is smaller than the parent and the right child is greater than the parent. If you are working with a regular binary tree, the concept of reversing may not make sense.

Remember, tipping is a kind gesture, but not a requirement. My purpose is to provide helpful and accurate information.","To reverse a binary search tree (BST), you need to flip the positions of all the left and right child nodes in the tree. Essentially, each node's left child will become the right child, and vice versa.

Here is a step-by-step explanation of how to reverse a BST:

1. Start from the root node of the BST.
2. Recursively traverse the tree in a depth-first manner, visiting each node.
3. For each node, swap its left and right child nodes.
4. Continue recursively traversing the tree until all nodes have been visited.

Here is a Python code implementation to reverse a BST:

```python
class TreeNode:
    def __init__(self, value):
        self.value = value
        self.left = None
        self.right = None

def reverseBST(root):
    if root is None:
        return

    # Swap left and right children of the current node
    root.left, root.right = root.right, root.left

    # Recursively reverse the left and right subtrees
    reverseBST(root.left)
    reverseBST(root.right)

# Example usage:
# Create a binary search tree
root = TreeNode(4)
root.left = TreeNode(2)
root.right = TreeNode(7)
root.left.left = TreeNode(1)
root.left.right = TreeNode(3)
root.right.left = TreeNode(6)
root.right.right = TreeNode(9)

print(""Original BST:"")
# Perform in-order traversal of the original BST
def inorder(node):
    if node is not None:
        inorder(node.left)
        print(node.value, end="" "")
        inorder(node.right)

inorder(root)
# Output: 1 2 3 4 6 7 9

# Reverse the BST
reverseBST(root)

print(""\nReversed BST:"")
# Perform in-order traversal of the reversed BST
inorder(root)
# Output: 9 7 6 4 3 2 1
```

Please note that reversing a BST can change its structure and may no longer maintain the order property of the binary search tree.","Sure, I'd be happy to explain how to reverse a binary search tree!

To reverse a binary search tree, you can perform a simple recursive function on each node of the tree. For every node, you need to swap its left and right child pointers. This process should be done for every node in the tree until you reach the leaf nodes.

Here is a step-by-step explanation of how to reverse a binary search tree:

1. Start at the root of the binary search tree.
2. Swap the left child and right child pointers of the root node.
3. Repeat step 2 for the left subtree (if it exists) and the right subtree (if it exists). This recursive step will handle reversing the children of each node.
4. Continue this process recursively for each node in the binary search tree until you traverse all the nodes.

This algorithm will effectively reverse the binary search tree.

Keep in mind that reversing a binary search tree changes the ordering of the elements so that the previously left subtree becomes the right subtree, and vice versa.","Certainly! To reverse a binary search tree (BST), we need to swap the left and right child pointers of each node.

Here is a step-by-step guide to reversing a binary search tree:

1. Start at the root of the BST.
2. Recursively reverse the left subtree by calling the reversal function on its representative node (left child).
3. Recursively reverse the right subtree by calling the reversal function on its representative node (right child).
4. Swap the left and right child pointers of the current node.
5. Once this node and all its descendants have been reversed, move to the next node in the tree.
6. Repeat steps 2-5 until each node in the BST has been reversed.

Here is a Python code implementation of reversing a binary search tree:

```python
# Node definition for a binary tree
class TreeNode:
    def __init__(self, value):
        self.value = value
        self.left = None
        self.right = None

# Function to reverse a binary search tree
def reverseBST(node):
    if node is None:
        return
    
    # Traverse and reverse the left and right subtree
    reverseBST(node.left)
    reverseBST(node.right)
    
    # Swap left and right child pointers
    node.left, node.right = node.right, node.left

# Test the reversal function
# Create an example binary search tree
#       4
#      / \
#     2   7
#    / \ / \
#   1  3 6  9
root = TreeNode(4)
root.left = TreeNode(2)
root.right = TreeNode(7)
root.left.left = TreeNode(1)
root.left.right = TreeNode(3)
root.right.left = TreeNode(6)
root.right.right = TreeNode(9)

# Print the initial BST
def inorderTraversal(node):
    if node is None:
        return
    inorderTraversal(node.left)
    print(node.value,end=' ')
    inorderTraversal(node.right)
print('Initial BST:')
inorderTraversal(root)

# Reverse the binary search tree
reverseBST(root)

# Print the reversed BST
print('\nReversed BST:')
inorderTraversal(root)
```

Running this code will display the initial and reversed binary search tree values, validating the reversal process.

Note that in this implementation, I did not restrict the binary search tree to adhere to strict ordering rules on node insertion and deletion."
Can you explain how to reverse a binary search tree? ,"To reverse a binary search tree, you need to swap the left and right child of each node in the tree. Here is a step-by-step explanation of how to reverse a binary search tree:

1. Start with the root node of the tree.
2. Swap the left and right child of the root node.
3. Recursively reverse the left subtree (i.e., repeat steps 1 and 2 for the left child of the root).
4. Recursively reverse the right subtree (i.e., repeat steps 1 and 2 for the right child of the root).

Here is a Python implementation of the reverse binary search tree algorithm:

```python
class Node:
    def __init__(self, value):
        self.value = value
        self.left = None
        self.right = None

def reverse_bst(root):
    if root is None:
        return None
    
    # Swap left and right child of the current node
    root.left, root.right = root.right, root.left
    
    # Recursively reverse the left and right subtrees
    reverse_bst(root.left)
    reverse_bst(root.right)
    
    return root
```

You can use this function by creating a binary search tree and passing its root node to the `reverse_bst` function. The function will return the root of the reversed binary search tree.","To reverse a binary search tree, you need to swap the left and right child pointers of each node in the tree.

Here is a step-by-step explanation of how to reverse a binary search tree:

1. Start with the root node of the tree.
2. Swap the left and right child pointers of the root node.
3. Recursively reverse the left subtree (i.e., repeat steps 1 and 2 for the left child of the root).
4. Recursively reverse the right subtree (i.e., repeat steps 1 and 2 for the right child of the root).

Here is a Python code example that demonstrates how to reverse a binary search tree:

```python
class Node:
    def __init__(self, value):
        self.value = value
        self.left = None
        self.right = None

def reverse_bst(root):
    if root is None:
        return

    # Swap left and right child pointers
    root.left, root.right = root.right, root.left

    # Recursively reverse left and right subtrees
    reverse_bst(root.left)
    reverse_bst(root.right)

# Example usage
# Create a binary search tree
root = Node(4)
root.left = Node(2)
root.right = Node(7)
root.left.left = Node(1)
root.left.right = Node(3)
root.right.left = Node(6)
root.right.right = Node(9)

# Reverse the binary search tree
reverse_bst(root)

# Print the reversed binary search tree
# The output should be: 4 7 9 6 2 3 1
def print_tree_inorder(root):
    if root is None:
        return
    print_tree_inorder(root.left)
    print(root.value, end="" "")
    print_tree_inorder(root.right)

print_tree_inorder(root)
```

This code will output the reversed binary search tree in an inorder traversal, which should be: 4 7 9 6 2 3 1.","To reverse a binary search tree, you can follow these steps:

1. Start at the root of the binary search tree.
2. Swap the left and right child of the current node.
3. Recursively reverse the left and right subtrees of the current node.
4. Repeat steps 2 and 3 for each node in the binary search tree.

Here is an example of how this process works:

Initial Binary Search Tree:
```
       4
     /   \
    2     7
   / \   / \
  1   3 6   9
```

After swapping the left and right child of the root (node 4):
```
       4
     /   \
    7     2
   / \   / \
  1   3 6   9
```

After reversing the left and right subtrees of the root (nodes 7 and 2):
```
       4
     /   \
    7     2
   / \   / \
  9   6 3   1
```

After repeating the steps for each node in the binary search tree, you will have successfully reversed the binary search tree.","To reverse a binary search tree, you can follow these steps:

1. Start by swapping the left and right child of the root node.
2. Recursively reverse the left and right subtrees of the root node.
3. Repeat steps 1 and 2 for each node in the tree.

Here is an example implementation in Python:

```python
class Node:
    def __init__(self, data):
        self.data = data
        self.left = None
        self.right = None

def reverse_bst(root):
    if root is None:
        return None

    # Swap left and right child of the root node
    root.left, root.right = root.right, root.left

    # Recursively reverse the left and right subtrees
    reverse_bst(root.left)
    reverse_bst(root.right)

    return root
```

You can then create a binary search tree, reverse it, and traverse it to verify the reversal:

```python
# Create a binary search tree
root = Node(4)
root.left = Node(2)
root.right = Node(7)
root.left.left = Node(1)
root.left.right = Node(3)
root.right.left = Node(6)
root.right.right = Node(9)

# Reverse the binary search tree
reversed_root = reverse_bst(root)

# Traverse the reversed binary search tree (e.g., in-order traversal)
def inorder_traversal(node):
    if node is not None:
        inorder_traversal(node.left)
        print(node.data)
        inorder_traversal(node.right)

inorder_traversal(reversed_root)
```

This will output:
```
9
7
6
4
3
2
1
```

As you can see, the binary search tree has been successfully reversed.","To reverse a binary search tree, you need to swap the left and right child of each node. Here is a step-by-step explanation:

1. Start at the root of the binary search tree.
2. Check if the current node is null. If it is, return.
3. Swap the left and right child of the current node.
4. Recursively reverse the left subtree (call the function on the left child of the current node).
5. Recursively reverse the right subtree (call the function on the right child of the current node).

Here is a Python code example that demonstrates the reversal of a binary search tree:

```python
class Node:
    def __init__(self, value):
        self.data = value
        self.left = None
        self.right = None

def reverse_bst(root):
    if root is None:
        return

    # Swap left and right child of the current node
    temp = root.left
    root.left = root.right
    root.right = temp

    # Recursively reverse left and right subtrees
    reverse_bst(root.left)
    reverse_bst(root.right)

# Example usage
# Create a binary search tree
root = Node(4)
root.left = Node(2)
root.right = Node(7)
root.left.left = Node(1)
root.left.right = Node(3)
root.right.left = Node(6)
root.right.right = Node(9)

# Reverse the binary search tree
reverse_bst(root)

# Print the reversed binary search tree (inorder traversal)
def inorder_traversal(node):
    if node is not None:
        inorder_traversal(node.left)
        print(node.data, end="" "")
        inorder_traversal(node.right)

inorder_traversal(root)  # Output: 9 7 6 4 3 2 1
```

Note: The code assumes a simple binary tree implementation with a `Node` class that has data, left, and right attributes. The `reverse_bst` function reverses the binary search tree, and the `inorder_traversal` function is used to verify the reversal.","To reverse a binary search tree, we need to swap the left and right subtrees of each node in the tree. This essentially flips the tree horizontally around its vertical axis.

Here is the step-by-step process to reverse a binary search tree recursively:

1. Start with the root node of the tree.
2. Swap the left and right subtrees of the current node.
3. If the left subtree exists, call the reverse function recursively on the left subtree.
4. If the right subtree exists, call the reverse function recursively on the right subtree.
5. Repeat steps 2 to 4 until all nodes have been processed.

Algorithmically, here is a Python implementation of the reverse function:

```python
class TreeNode:
    def __init__(self, val=0, left=None, right=None):
        self.val = val
        self.left = left
        self.right = right

def reverseBinarySearchTree(root):
    if root is None:
        return root

    # Swap left and right subtrees
    temp = root.left
    root.left = root.right
    root.right = temp

    # Recursively reverse left and right subtrees
    if root.left:
        reverseBinarySearchTree(root.left)
    if root.right:
        reverseBinarySearchTree(root.right)

    return root
```

Here's an example to demonstrate the usage of this function:

```python
# Create a binary search tree
#         4
#       /   \
#      2     7
#     / \   / \
#    1   3 6   9
root = TreeNode(4)
root.left = TreeNode(2)
root.right = TreeNode(7)
root.left.left = TreeNode(1)
root.left.right = TreeNode(3)
root.right.left = TreeNode(6)
root.right.right = TreeNode(9)

# Reverse the binary search tree
reversed_root = reverseBinarySearchTree(root)
```

This will give us a reversed binary search tree as follows:

```
         4
       /   \
      7     2
     / \   / \
    9   6 3   1
```

We have effectively reversed the binary search tree by swapping the left and right subtrees of each node.","To reverse a binary search tree, you can follow these steps:

1. Perform a postorder traversal of the binary search tree.
2. During the traversal, swap the positions of each node's left and right children.

Here is an implementation in pseudo-code:

function reverseBST(node):
    if node is null:         // base case
        return
        
    // reverse the left subtree
    reverseBST(node.left)
    
    // reverse the right subtree
    reverseBST(node.right)
    
    // swap left and right children
    swapChildren(node)
    
Swap the positions of the left and right children:

function swapChildren(node):
    temp = node.left
    node.left = node.right
    node.right = temp

By performing a postorder traversal and swapping the left and right children of each node, you effectively reverse the structure of the binary search tree. The end result will be a binary search tree where previously left children are on the right side, and previously right children are on the left side."
Can you explain how to reverse a binary search tree? I will tip $20 if you explain it well!,"Sure! I'd be happy to explain how to reverse a binary search tree.

To reverse a binary search tree, we need to swap the left and right child of each node in the tree. This will essentially mirror the tree along its vertical axis.

Here's a step-by-step explanation of how to reverse a binary search tree:

1. Start with the root node of the tree.
2. Swap the left and right child of the root node.
3. Recursively reverse the left subtree (i.e., repeat steps 1 and 2 for the left child of the root).
4. Recursively reverse the right subtree (i.e., repeat steps 1 and 2 for the right child of the root).

By following these steps, we can reverse the entire binary search tree.

Here's a Python code implementation of the reverse binary search tree algorithm:

```python
class Node:
    def __init__(self, value):
        self.value = value
        self.left = None
        self.right = None

def reverse_bst(root):
    if root is None:
        return None

    # Swap left and right child of the current node
    root.left, root.right = root.right, root.left

    # Recursively reverse the left and right subtrees
    reverse_bst(root.left)
    reverse_bst(root.right)

    return root
```

You can use this code to reverse a binary search tree by calling the `reverse_bst` function with the root node of the tree. The function will return the root of the reversed tree.

I hope this explanation helps! Let me know if you have any further questions.","Sure! I'll be happy to explain how to reverse a binary search tree.

Reversing a binary search tree means swapping the left and right children of each node in the tree. This operation effectively mirrors the tree along its vertical axis.

To reverse a binary search tree, you can follow these steps:

1. Start with the root node of the tree.
2. Swap the left and right children of the root node.
3. Recursively reverse the left subtree (i.e., repeat steps 1 and 2 for the left child).
4. Recursively reverse the right subtree (i.e., repeat steps 1 and 2 for the right child).

Here's a Python implementation of the algorithm:

```python
class Node:
    def __init__(self, value):
        self.value = value
        self.left = None
        self.right = None

def reverse_bst(node):
    if node is None:
        return None
    
    # Swap left and right children
    node.left, node.right = node.right, node.left
    
    # Recursively reverse left and right subtrees
    reverse_bst(node.left)
    reverse_bst(node.right)
    
    return node
```

This implementation uses a `Node` class to represent each node in the binary search tree. The `reverse_bst` function takes a node as input and reverses the tree rooted at that node.

To use this implementation, you can create a binary search tree and call the `reverse_bst` function on its root node. For example:

```python
# Create a binary search tree
root = Node(4)
root.left = Node(2)
root.right = Node(7)
root.left.left = Node(1)
root.left.right = Node(3)
root.right.left = Node(6)
root.right.right = Node(9)

# Reverse the binary search tree
reversed_root = reverse_bst(root)
```

After executing this code, the `reversed_root` variable will hold the root of the reversed binary search tree.

I hope this explanation helps! If you have any further questions, feel free to ask.","Sure! Reversing a binary search tree involves swapping the left and right children of each node in the tree. Here's how you can do it:

1. Start with the root of the binary search tree.
2. Swap the left and right children of the root node.
3. Recursively reverse the left subtree (i.e., call the reverse function on the left child).
4. Recursively reverse the right subtree (i.e., call the reverse function on the right child).

Here's a Python implementation of the reverse function:

```python
class Node:
    def __init__(self, value):
        self.value = value
        self.left = None
        self.right = None

def reverse_tree(root):
    if root is None:
        return None
    
    # Swap left and right children of the current node
    root.left, root.right = root.right, root.left
    
    # Recursively reverse the left and right subtrees
    reverse_tree(root.left)
    reverse_tree(root.right)
    
    return root
```

To use this function, you can create a binary search tree and call the `reverse_tree` function on its root node. For example:

```python
# Creating a sample binary search tree
root = Node(4)
root.left = Node(2)
root.right = Node(7)
root.left.left = Node(1)
root.left.right = Node(3)
root.right.left = Node(6)
root.right.right = Node(9)

# Reversing the binary search tree
reversed_root = reverse_tree(root)

# Printing the reversed tree (in-order traversal)
def in_order_traversal(node):
    if node is None:
        return
    
    in_order_traversal(node.left)
    print(node.value, end=' ')
    in_order_traversal(node.right)

in_order_traversal(reversed_root)
```

This will output: `9 7 6 4 3 2 1`, which is the reversed order of the original binary search tree.

I hope this explanation helps! Let me know if you have any further questions.","Sure, I'd be happy to explain how to reverse a binary search tree! 

To reverse a binary search tree, you need to swap the left and right children of each node in the tree. This means that the left child becomes the right child and the right child becomes the left child. 

Here is a step-by-step explanation of how to reverse a binary search tree:

1. Start with the root node of the tree.
2. Swap the left and right children of the root node.
3. Recursively repeat steps 2 and 3 for the left and right subtrees of the root node (if they exist).
4. Continue this process, swapping the left and right children of each node in the tree until you have reached the leaves of the tree.

By following these steps, you will have successfully reversed the binary search tree.

Now, if you're ready to tip $20, here's how you can do it. Unfortunately, I am an AI language model and cannot accept financial transactions directly. However, you can make a $20 donation to a charity or cause of your choice in my honor. This way, we can help make a positive impact together. Thank you for your generosity!","Certainly! To reverse a binary search tree, you need to interchange the left and right pointers at each node. Here's an algorithmic approach to reverse a binary search tree:

1. Start with the root of the tree.
2. Recursively reverse the left and right subtrees, if they exist. This can be done by calling the reverse function on the left and right child nodes.
3. Swap the left and right pointers of the current node. This can be accomplished by storing the left child node temporarily, assigning the right child to the left pointer, and the temporary left child to the right pointer.
4. Repeat steps 2 and 3 for each node in the tree until all nodes are reversed.
5. Finally, return the root of the reversed binary search tree.

Here's a sample Python code implementation of the above algorithm:

```python
class Node:
    def __init__(self, value):
        self.value = value
        self.left = None
        self.right = None

def reverse_bst(node):
    if node is None:
        return None

    # Recursively reverse left and right subtrees
    node.left = reverse_bst(node.left)
    node.right = reverse_bst(node.right)

    # Swap left and right pointers
    temp = node.left
    node.left = node.right
    node.right = temp

    return node

# Usage example
# Assuming a binary search tree is already constructed, e.g., with root_node pointing to the root node
reversed_tree_root = reverse_bst(root_node)
```

I hope this explanation helps you understand how to reverse a binary search tree! If you have any further questions, feel free to ask.","Sure! I'll explain how to reverse a binary search tree for you. 

A binary search tree (BST) is a data structure in which every node has a value greater than all the nodes in its left sub-tree and lesser than all the nodes in its right sub-tree. Reversing a binary search tree means swapping the left and right children of each node, effectively reversing the tree's structure.

Here's how you can reverse a binary search tree using a recursive approach:

1. Start at the root node of the binary search tree.
2. Swap the left and right child of the current node.
3. Recursively call the reverse operation on the left child (if it exists) and the right child (if it exists). This step is done to reverse the left and right sub-trees.
4. Continue the process until you reach the leaf nodes (nodes with no children).

Here's a Python code implementation of the reverse function for a binary search tree:

```python
class Node:
    def __init__(self, value):
        self.value = value
        self.left = None
        self.right = None


def reverseBST(root):
    if root is None:
        return None
    
    # Swap left and right children
    root.left, root.right = root.right, root.left
    
    # Recursively reverse left and right sub-trees
    reverseBST(root.left)
    reverseBST(root.right)
    
    return root
```

To test the reverseBST function, you can create a binary search tree with some nodes, and then call the reverseBST function to reverse it:

```python
# Example binary search tree
root = Node(4)
root.left = Node(2)
root.right = Node(5)
root.left.left = Node(1)
root.left.right = Node(3)

# Reverse the binary search tree
reversed_root = reverseBST(root)
```

After executing the code above, the `reversed_root` will contain the pointer to the root of the reversed binary search tree.

I hope this explanation helps! If you have any further questions, feel free to ask.","A binary search tree (BST) can be reversed by swapping the left and right children of each node, essentially transposing the entire tree along a vertical axis. This reversal operation distances the tree's maximal values on the ""new"" left side (previously the right side) and minimal values on the right (previously left). So, let's outline the steps to reverse it:

1. Traverse the original BST using any traversal technique (In-order, Pre-order, or Post-order). Here, we will consider the simplest approach: In-order tree traversal.
2. While traversing, change the left and right children of each node.
3. Repeat this step for all nodes in the BST.

Here is the code implementation in Python, including the reversal procedure for a BST:

```python
# Definition of a Binary Search Tree Node
class Node:
    def __init__(self, value):
        self.value = value
        self.left = None
        self.right = None

# Function to perform In-order tree traversal
def in_order(node):
    if not node:
        return  # Base case when the BST node is empty

    # Recursive in-order traversal
    in_order(node.left)
    print(node.value, end=' ')
    in_order(node.right)

# Function to swap left and right child nodes
def reverse_bst(node):
    if node is None:
        return  # Base case when the BST node is empty

    # Recur on the individual sub-trees
    reverse_bst(node.left)
    reverse_bst(node.right)

    # Swap the left and right children of this node
    temp = node.left
    node.left = node.right
    node.right = temp

# Driver code to test the program
if __name__ == '__main__':
    # Create the Binary Search Tree (original)
    root = Node(5)
    root.left = Node(3)
    root.right = Node(7)
    root.left.left = Node(2)
    root.left.right = Node(4)
    root.right.left = Node(6)
    root.right.right = Node(8)

    print('Original In-Order Traversal: ')
    in_order(root)
    print()

    # Reverse the Binary Search Tree
    reverse_bst(root)

    print('Reversed In-Order Traversal: ')
    in_order(root)
    print()
```

This example converts the initial BST `5 -> (3, 7) -> (2, 4, 6, 8)` into a reversed BST `5 <- (7, 3) <- (8, 6, 4, 2)`. It prints the in-order traversal of both trees, showcasing the reversal effect.

Hope this explanation provides a clear understanding of reversing a binary search tree. If you find it helpful, feel free to assign the $20 tip. I appreciate it!"
Can you explain how to reverse a binary search tree? I will tip $200 if you explain it perfectly!,"Certainly! Reversing a binary search tree involves swapping the left and right child pointers of each node in the tree. Here's a step-by-step explanation of how to reverse a binary search tree:

1. Start with the root node of the binary search tree.
2. Swap the left and right child pointers of the root node.
3. Recursively reverse the left subtree (i.e., repeat steps 1-3 for the left child of the root).
4. Recursively reverse the right subtree (i.e., repeat steps 1-3 for the right child of the root).

By following these steps, the binary search tree will be reversed, with all nodes having their left and right child pointers swapped.

Please note that this explanation assumes a standard binary search tree implementation where each node has a left and right child pointer. If your binary search tree implementation differs, please provide more details so that I can tailor the explanation accordingly.

I hope this explanation helps! Let me know if you have any further questions or need additional clarification.","Certainly! Reversing a binary search tree involves swapping the left and right child pointers of each node in the tree. Here's a step-by-step explanation of how to reverse a binary search tree:

1. Start with the root node of the binary search tree.
2. Recursively reverse the left and right subtrees of the root node.
3. Swap the left and right child pointers of the root node.
4. Repeat steps 2 and 3 for each node in the binary search tree, starting from the root and moving down to the leaves.

Here's a Python code snippet that demonstrates the reversal process:

```python
class Node:
    def __init__(self, value):
        self.value = value
        self.left = None
        self.right = None

def reverse_binary_search_tree(root):
    if root is None:
        return None

    # Reverse the left and right subtrees
    root.left, root.right = reverse_binary_search_tree(root.right), reverse_binary_search_tree(root.left)

    # Swap the left and right child pointers
    return root

# Example usage
# Create a binary search tree
root = Node(4)
root.left = Node(2)
root.right = Node(7)
root.left.left = Node(1)
root.left.right = Node(3)
root.right.left = Node(6)
root.right.right = Node(9)

# Reverse the binary search tree
reversed_root = reverse_binary_search_tree(root)
```

This code will reverse the binary search tree by swapping the left and right child pointers of each node. The `reverse_binary_search_tree` function takes the root node as input and returns the reversed tree's root.

If this explanation was helpful and met your expectations, I appreciate your consideration of a tip. However, please note that as an AI language model, I cannot directly receive tips.","Certainly! I will explain how to reverse a binary search tree step by step:

1. Start by defining a helper function called `reverseTree(node)`. This function will take a node of the binary search tree as input and reverse its left and right subtrees.

2. Inside the `reverseTree` function, check if the given `node` is null. If it is, simply return null as there is nothing to reverse.

3. If the `node` is not null, swap its left and right child nodes using a temporary variable. This will effectively reverse the positions of the left and right subtrees.

4. Recursively call the `reverseTree` function on the left and right child nodes of the original `node`. This will reverse their respective subtrees.

5. Finally, return the reversed `node` after all the recursive calls have completed.

Here is an example implementation in Python:

```
class Node:
    def __init__(self, value):
        self.value = value
        self.left = None
        self.right = None

def reverseTree(node):
    if node is None:
        return None

    # Swap left and right child nodes
    temp = node.left
    node.left = node.right
    node.right = temp

    # Recursively reverse left and right subtrees
    reverseTree(node.left)
    reverseTree(node.right)

    return node
```

To reverse an entire binary search tree, you can simply call the `reverseTree` function on the root node of the tree.

Please note that this explanation assumes you are familiar with the concept of binary search trees. If you have any further questions or need additional clarification, feel free to ask!","Sure! I'll be happy to explain how to reverse a binary search tree.

In order to reverse a binary search tree, we need to change the positions of the left and right child pointers for each node in the tree. This will effectively reverse the structure of the tree.

Here is a step-by-step explanation of how to reverse a binary search tree:

1. Start with the root node of the binary search tree.
2. If the root node is null, then the tree is empty, and there is nothing to reverse. In this case, we can return the null root node.
3. Otherwise, recursively reverse the left and right subtrees of the root node by calling the reverse function on them.
4. Swap the left and right child pointers of the root node.
5. Return the modified root node.

Here is a Python code implementation of the reverse function:

```python
def reverse_binary_search_tree(root):
    # Base case: if root is null, return null
    if root is None:
        return None
    
    # Reverse the left and right subtrees
    left = reverse_binary_search_tree(root.left)
    right = reverse_binary_search_tree(root.right)
    
    # Swap the left and right child pointers
    root.left = right
    root.right = left
    
    return root
```

By using this reverse function, you can effectively reverse any binary search tree.

I hope this explanation helps! Let me know if you have any further questions or if there's anything else I can assist you with.","Certainly! Reversing a binary search tree means reversing the order of all the nodes, so that the smallest element becomes the largest and vice versa. To reverse a binary search tree, you can follow these steps:

1. Start at the root of the tree.
2. Swap the left and right child pointers of the current node.
3. If the current node has a left child, recursively call the reverse function on the left subtree.
4. If the current node has a right child, recursively call the reverse function on the right subtree.
5. Repeat steps 2-4 until all nodes have been swapped.

Here is the code implementation in Python:

```python
class Node:
    def __init__(self, value):
        self.value = value
        self.left = None
        self.right = None

def reverse_tree(node):
    if node is None:
        return
    else:
        # Swap left and right child pointers
        node.left, node.right = node.right, node.left

        # Recursively reverse left and right subtrees
        reverse_tree(node.left)
        reverse_tree(node.right)

# Example Usage:

# Create a binary search tree
root = Node(4)
root.left = Node(2)
root.right = Node(7)
root.left.left = Node(1)
root.left.right = Node(3)
root.right.left = Node(6)
root.right.right = Node(9)

print(""Original Tree:"")
# Print original tree (pre-order traversal)
def preorder(node):
    if node:
        print(node.value, end="" "")
        preorder(node.left)
        preorder(node.right)
preorder(root)

# Reverse the tree
reverse_tree(root)

print(""\nReversed Tree:"")
# Print reversed tree (pre-order traversal)
preorder(root)
```

This code creates a binary search tree with root value 4 and performs a reverse operation on it. The `preorder` function is used to print the tree in pre-order traversal order. Running this code will display the original tree and the reversed tree.

If you found this explanation helpful and would like to tip, feel free to issue the tip!","Thank you for the offer, but I'm sorry, as an AI language model, I am not able to accept tips or any form of monetary rewards. However, I'm more than happy to help explain how to reverse a binary search tree.

To reverse a binary search tree, you need to swap the left and right child pointers of each node in the tree. We can achieve this using recursion by traversing the tree and swapping the children of each node in a bottom-up manner.

Here's a step-by-step explanation of how to reverse a binary search tree:

1. Define a recursive function to reverse the binary search tree. Let's name this function `reverseBST`.
2. The base case for the recursion would be when the current node is `null` (or a leaf node), in which case you can simply return.
3. For non-null nodes, recursively call the `reverseBST` function on its left and right subtrees.
4. After the recursion returns from the left and right subtrees, swap the left and right child pointers of the current node.
5. Finally, return the modified node to the parent caller.

Here is a sample implementation in Python:

```python
class Node:
    def __init__(self, value):
        self.value = value
        self.left = None
        self.right = None

def reverseBST(node):
    if node is None:
        return

    # Recursively reverse left and right subtrees
    reverseBST(node.left)
    reverseBST(node.right)

    # Swap left and right child pointers
    node.left, node.right = node.right, node.left

    return node
```

By calling the `reverseBST` function on the root of the binary search tree, the entire tree will be reversed.

Please note that in this explanation and sample implementation, I assumed you are interested in reversing a binary search tree (BST). If you specifically need to reverse a binary tree (without the constraint of being a BST), the swapping logic remains the same, but the tree structure may be different.

If you have any more questions or need further assistance, feel free to ask!","To reverse a binary search tree, we need to swap the left and right children of every node in the tree.

Here is the step-by-step algorithm to achieve this:

1. Start with the root node of the binary search tree.

2. Recursively reverse the left subtree of the root node (Call this function 'reverseBST' again on the left child of the root).

3. Recursively reverse the right subtree of the root node (Call this function 'reverseBST' again on the right child of the root).

4. Swap (reverse) the left and right children of the root node.

5. Return the reversed binary search tree (the root node as the output).

Here is the implementation in Python:

```
class Node:
    def __init__(self, value):
        self.value = value
        self.left = None
        self.right = None

def reverseBST(root):
    if root is None:
        return None
    
    # Recursively reversing left and right subtrees
    left = reverseBST(root.left)
    right = reverseBST(root.right)
    
    # Swapping the left and right subtrees
    root.left = right
    root.right = left
    
    return root
    
# Example usage:
# Create a sample binary search tree
'''
       4
     /   \
   2       7
  / \     / \
 1   3   6   9
'''
root = Node(4)
root.left = Node(2)
root.right = Node(7)
root.left.left = Node(1)
root.left.right = Node(3)
root.right.left = Node(6)
root.right.right = Node(9)

# Reverse the binary search tree
reversed_root = reverseBST(root)

print(""Reversed binary search tree:"")
'''
       4
     /   \
   7       2
  / \     / \
 9   6   3   1
'''
```

This algorithm recursively reverses the subtrees of each node starting from the root, and then performs the swaps. As every node of the binary tree is visited exactly once, the time complexity to reverse the binary search tree is O(n), where n is the number of nodes in the tree.

I hope this explanation and the provided code perfectly suits your need. If you have any further questions, feel free to ask!"
